{"cameraMode":{"drawMode":0,"name":"Shaded","section":"Shading Mode"},"sceneLighting":true,"audioPlay":false,"sceneViewState":{"showFog":true,"showMaterialUpdate":true,"showSkybox":true,"showFlares":true,"showImageEffects":true,"showParticleSystems":true},"in2DMode":false,"pivot":{"x":0.2979130744934082,"y":-1.0173883438110352,"z":-0.32912731170654299},"rotation":{"x":0.2710076570510864,"y":0.25901085138320925,"z":-0.07599373161792755,"w":0.9239806532859802},"size":6.064135551452637,"orthographic":false}