{"cameraMode":{"drawMode":0,"name":"Shaded","section":"Shading Mode"},"sceneLighting":false,"audioPlay":false,"sceneViewState":{"showFog":true,"showMaterialUpdate":true,"showSkybox":false,"showFlares":true,"showImageEffects":true,"showParticleSystems":true},"in2DMode":false,"pivot":{"x":0.7214617133140564,"y":0.00461578369140625,"z":-0.3422480821609497},"rotation":{"x":-0.008212640881538391,"y":0.9917851090431213,"z":-0.09131212532520294,"w":-0.0892014130949974},"size":3.0653529167175295,"orthographic":false}